county_fips,county_name,lat,lon
48001,Anderson,31.841261,-95.661727
48003,Andrews,32.312258,-102.640206
48005,Angelina,31.251896,-94.611134
48007,Aransas,28.122621,-96.967501
48009,Archer,33.616305,-98.687267
48011,Armstrong,34.964179,-101.356636
48013,Atascosa,28.891478,-98.535381
48015,Austin,29.891901,-96.27017
48017,Bailey,34.067521,-102.830345
48019,Bandera,29.756389,-99.248285
48021,Bastrop,30.100772,-97.310639
48023,Baylor,33.618802,-99.208189
48025,Bee,28.416077,-97.742586
48027,Bell,31.04275,-97.481268
48029,Bexar,29.448671,-98.520147
48031,Blanco,30.266203,-98.399332
48033,Borden,32.73859,-101.439199
48035,Bosque,31.900819,-97.637641
48037,Bowie,33.446065,-94.422393
48039,Brazoria,29.167817,-95.434647
48041,Brazos,30.656713,-96.302394
48043,Brewster,29.808997,-103.252458
48045,Briscoe,34.525172,-101.205893
48047,Brooks,27.034994,-98.215276
48049,Brown,31.764137,-98.998456
48051,Burleson,30.493487,-96.622091
48053,Burnet,30.78963,-98.201187
48055,Caldwell,29.832399,-97.628141
48057,Calhoun,28.441719,-96.579574
48059,Callahan,32.29315,-99.372249
48061,Cameron,26.102923,-97.478958
48063,Camp,32.974581,-94.979085
48065,Carson,35.405496,-101.355356
48067,Cass,33.083698,-94.357579
48069,Castro,34.533621,-102.258786
48071,Chambers,29.696374,-94.669445
48073,Cherokee,31.843881,-95.156343
48075,Childress,34.524624,-100.208166
48077,Clay,33.785904,-98.212917
48079,Cochran,33.60844,-102.830449
48081,Coke,31.87711,-100.635231
48083,Coleman,31.914205,-99.346622
48085,Collin,33.194494,-96.579428
48087,Collingsworth,34.963358,-100.272135
48089,Colorado,29.596296,-96.508935
48091,Comal,29.812377,-98.258129
48093,Comanche,31.951645,-98.549617
48095,Concho,31.318883,-99.863649
48097,Cooke,33.639196,-97.210343
48099,Coryell,31.391177,-97.798022
48101,Cottle,34.091906,-100.276442
48103,Crane,31.422796,-102.487774
48105,Crockett,30.717532,-101.404211
48107,Crosby,33.609144,-101.29871
48109,Culberson,31.445908,-104.526945
48111,Dallam,36.28637,-102.59402
48113,Dallas,32.766987,-96.778424
48115,Dawson,32.742528,-101.948771
48117,Deaf Smith,34.940766000000004,-102.607564
48119,Delta,33.385933,-95.67335
48121,Denton,33.205132,-97.12114
48123,DeWitt,29.082346,-97.361654
48125,Dickens,33.615363,-100.787617
48127,Dimmit,28.423587,-99.765871
48129,Donley,34.955036,-100.815846
48131,Duval,27.681123,-98.497393
48133,Eastland,32.324645,-98.83656
48135,Ector,31.865301,-102.542507
48137,Edwards,29.985933,-100.3074
48139,Ellis,32.346878,-96.79694
48141,El Paso,31.766456,-106.24152
48143,Erath,32.236669,-98.220545
48145,Falls,31.25193,-96.934127
48147,Fannin,33.591161,-96.104988
48149,Fayette,29.877886,-96.921231
48151,Fisher,32.740473,-100.40312
48153,Floyd,34.07373,-101.303274
48155,Foard,33.963306,-99.816828
48157,Fort Bend,29.526602,-95.771015
48159,Franklin,33.175846,-95.219066
48161,Freestone,31.701749,-96.144957
48163,Frio,28.869383,-99.109005
48165,Gaines,32.743942,-102.631561
48167,Galveston,29.233927,-94.888197
48169,Garza,33.183792,-101.301134
48171,Gillespie,30.325093,-98.94185
48173,Glasscock,31.868006,-101.521494
48175,Goliad,28.6607,-97.430415
48177,Gonzales,29.461912,-97.49192
48179,Gray,35.402542,-100.812374
48181,Grayson,33.624548,-96.675777
48183,Gregg,32.486401,-94.816277
48185,Grimes,30.543231,-95.988082
48187,Guadalupe,29.582671,-97.948995
48189,Hale,34.068436,-101.822888
48191,Hall,34.453189,-100.576343
48193,Hamilton,31.707342,-98.111756
48195,Hansford,36.272847,-101.35693
48197,Hardeman,34.289904,-99.745697
48199,Hardin,30.329648,-94.393178
48201,Harris,29.857273,-95.393037
48203,Harrison,32.547991,-94.374434
48205,Hartley,35.840244,-102.610047
48207,Haskell,33.175964,-99.730774
48209,Hays,30.061225,-98.029267
48211,Hemphill,35.815956,-100.27921
48213,Henderson,32.211633,-95.853418
48215,Hidalgo,26.396384,-98.18099
48217,Hill,31.982681,-97.130668
48219,Hockley,33.605932,-102.343398
48221,Hood,32.430149,-97.831677
48223,Hopkins,33.148967,-95.565434
48225,Houston,31.323036,-95.4216
48227,Howard,32.30343,-101.438721
48229,Hudspeth,31.450868,-105.377549
48231,Hunt,33.123308,-96.08423
48233,Hutchinson,35.837047,-101.362746
48235,Irion,31.303424,-100.981304
48237,Jack,33.23216,-98.171177
48239,Jackson,28.959802,-96.58908
48241,Jasper,30.752932,-94.022294
48243,Jeff Davis,30.625357,-104.191873
48245,Jefferson,29.854,-94.149331
48247,Jim Hogg,27.053231,-98.747572
48249,Jim Wells,27.733516,-98.090814
48251,Johnson,32.379654,-97.364906
48253,Jones,32.743709,-99.87443
48255,Karnes,28.908996,-97.852205
48257,Kaufman,32.598944,-96.288377
48259,Kendall,29.943525,-98.709269
48261,Kenedy,26.890213,-97.591143
48263,Kent,33.18478,-100.76972
48265,Kerr,30.059953,-99.353339
48267,Kimble,30.479472,-99.746396
48269,King,33.614268,-100.245345
48271,Kinney,29.347086,-100.4177
48273,Kleberg,27.438735,-97.66062
48275,Knox,33.61189,-99.730356
48277,Lamar,33.667263,-95.570348
48279,Lamb,34.068861,-102.348018
48281,Lampasas,31.196731,-98.240889
48283,La Salle,28.351098,-99.096774
48285,Lavaca,29.382578,-96.923633
48287,Lee,30.321498,-96.976823
48289,Leon,31.300493,-95.995622
48291,Liberty,30.158508,-94.844061
48293,Limestone,31.547543,-96.593623
48295,Lipscomb,36.2802,-100.272683
48297,Live Oak,28.351535,-98.126961
48299,Llano,30.707584,-98.68469
48301,Loving,31.844936,-103.561229
48303,Lubbock,33.611469,-101.819944
48305,Lynn,33.178412,-101.818493
48307,McCulloch,31.205477,-99.359856
48309,McLennan,31.549596,-97.201511
48311,McMullen,28.384922,-98.578853
48313,Madison,30.966878,-95.930372
48315,Marion,32.798182,-94.356853
48317,Martin,32.30983,-101.961836
48319,Mason,30.703916,-99.237302
48321,Matagorda,28.77476,-96.001532
48323,Maverick,28.729787,-100.316678
48325,Medina,29.353661,-99.111085
48327,Menard,30.885268,-99.858861
48329,Midland,31.814269,-102.002454
48331,Milam,30.791242,-96.984395
48333,Mills,31.494888,-98.594623
48335,Mitchell,32.304117,-100.924392
48337,Montague,33.678356,-97.725014
48339,Montgomery,30.298801,-95.50295
48341,Moore,35.835676,-101.890502
48343,Morris,33.116466,-94.731265
48345,Motley,34.057899,-100.793152
48347,Nacogdoches,31.62056,-94.62025
48349,Navarro,32.048448,-96.476909
48351,Newton,30.786718,-93.73925
48353,Nolan,32.312338,-100.418108
48355,Nueces,27.740032,-97.516214
48357,Ochiltree,36.278744,-100.815864
48359,Oldham,35.401921,-102.59762
48361,Orange,30.122323,-93.8941
48363,Palo Pinto,32.752204,-98.317967
48365,Panola,32.163978,-94.305156
48367,Parker,32.777096,-97.805905
48369,Parmer,34.532163,-102.784853
48371,Pecos,30.773298,-102.718153
48373,Polk,30.784553,-94.837338
48375,Potter,35.398675,-101.893804
48377,Presidio,30.005891,-104.261619
48379,Rains,32.870457,-95.795613
48381,Randall,34.962529,-101.895547
48383,Reagan,31.375191,-101.514395
48385,Real,29.830097,-99.812549
48387,Red River,33.619625,-95.048429
48389,Reeves,31.308366,-103.712706
48391,Refugio,28.322116,-97.162472
48393,Roberts,35.838596,-100.836682
48395,Robertson,31.025481,-96.514941
48397,Rockwall,32.899886,-96.41205
48399,Runnels,31.845119,-99.982715
48401,Rusk,32.109423,-94.756382
48403,Sabine,31.3433,-93.851913
48405,San Augustine,31.382449,-94.16318
48407,San Jacinto,30.574388,-95.163136
48409,San Patricio,28.011794,-97.517157
48411,San Saba,31.155138,-98.819292
48413,Schleicher,30.896233,-100.527216
48415,Scurry,32.744353,-100.913346
48417,Shackelford,32.74382,-99.347005
48419,Shelby,31.790139,-94.142579
48421,Sherman,36.278593,-101.899265
48423,Smith,32.375105,-95.268939
48425,Somervell,32.218071,-97.769217
48427,Starr,26.530903,-98.740235
48429,Stephens,32.738052,-98.839344
48431,Sterling,31.835773,-101.054911
48433,Stonewall,33.17958,-100.253807
48435,Sutton,30.522185,-100.513359
48437,Swisher,34.526319,-101.743865
48439,Tarrant,32.772119000000004,-97.291224
48441,Taylor,32.297126,-99.89043
48443,Terrell,30.232343,-102.072513
48445,Terry,33.171229,-102.339284
48447,Throckmorton,33.170695,-99.205796
48449,Titus,33.214599,-94.966783
48451,Tom Green,31.398295,-100.46385
48453,Travis,30.239513,-97.69127
48455,Trinity,31.096675,-95.151687
48457,Tyler,30.769295,-94.375656
48459,Upshur,32.735349,-94.941184
48461,Upton,31.353816,-102.041546
48463,Uvalde,29.350308,-99.768427
48465,Val Verde,29.875285,-101.143324
48467,Van Zandt,32.558787,-95.836906
48469,Victoria,28.79637,-96.971198
48471,Walker,30.743163,-95.569825
48473,Waller,30.01359,-95.982149
48475,Ward,31.513069,-103.105113
48477,Washington,30.215075,-96.410272
48479,Webb,27.760799,-99.340752
48481,Wharton,29.27848,-96.229674
48483,Wheeler,35.392593,-100.253107
48485,Wichita,33.988212,-98.70801
48487,Wilbarger,34.08492,-99.24244
48489,Willacy,26.481861,-97.594731
48491,Williamson,30.649082,-97.605065
48493,Wilson,29.173883,-98.086734
48495,Winkler,31.832862,-103.054925
48497,Wise,33.219095,-97.653997
48499,Wood,32.783588,-95.382166
48501,Yoakum,33.162339,-102.832241
48503,Young,33.158778,-98.67839
48505,Zapata,26.996981,-99.182603
48507,Zavala,28.864652,-99.75983
